,OUTSTANDING_BAL_ALL,OUTSTANDING_BAL_CC,OUTSTANDING_BAL_LOAN
3M/6M,-0.7225569014193383,3.44823066581543,-0.8548507041483617
6M/9M,3.5358928746116476,5.958081879116946,2.1270661968496967
9M/12M,5.000975607290442,7.381483712785325,8.500158223245364
