,OUTSTANDING_BAL_ALL,OUTSTANDING_BAL_CC,OUTSTANDING_BAL_LOAN
3M/6M,0.6202100217397941,10.010581311704868,-0.17048266749542051
6M/9M,3.947591812933453,5.015469267997318,-2.931506064544095
9M/12M,3.1803707824915364,9.397105686555832,9.689725237937324
